#FILE	SEQUENCE	START	END	GENE	COVERAGE	COVERAGE_MAP	GAPS	%COVERAGE	%IDENTITY	DATABASE	ACCESSION	PRODUCT
data/samples/GT4-4.fasta	GT4_4_contig_1	468396	471410	EF0818	1-3015/3015	===============	0/0	100.00	99.70	vfdb	NP_814561	vfdb~~~EF0818~~~NP_814561 (EF0818) polysaccharide lyase family 8 [Hyaluronidase (VF0359)] [Enterococcus faecalis V583]
data/samples/GT4-4.fasta	GT4_4_contig_12	78368	80392	ace	1-2025/2025	===============	0/0	100.00	100.00	vfdb	NP_814829	vfdb~~~ace~~~NP_814829 (ace) collagen adhesin protein [Ace (VF0355)] [Enterococcus faecalis V583]
data/samples/GT4-4.fasta	GT4_4_contig_12	83474	84328	srtC	1-855/855	===============	0/0	100.00	99.88	vfdb	NP_814824	vfdb~~~srtC~~~NP_814824 (srtC) sortase [Ebp pili (VF0538)] [Enterococcus faecalis V583]
data/samples/GT4-4.fasta	GT4_4_contig_12	84422	86305	ebpC	1-1878/1878	========/======	1/6	100.00	99.68	vfdb	NP_814823	vfdb~~~ebpC~~~NP_814823 (ebpC) endocarditis and biofilm-associated pilus major subunit EbpC [Ebp pili (VF0538)] [Enterococcus faecalis V583]
data/samples/GT4-4.fasta	GT4_4_contig_12	86302	87732	ebpB	1-1431/1431	===============	0/0	100.00	99.86	vfdb	NP_814822	vfdb~~~ebpB~~~NP_814822 (ebpB) endocarditis and biofilm-associated pilus minor subunit EbpB [Ebp pili (VF0538)] [Enterococcus faecalis V583]
data/samples/GT4-4.fasta	GT4_4_contig_12	87736	91047	ebpA	1-3312/3312	===============	0/0	100.00	99.34	vfdb	NP_814821	vfdb~~~ebpA~~~NP_814821 (ebpA) endocarditis and biofilm-associated pilus tip protein EbpA [Ebp pili (VF0538)] [Enterococcus faecalis V583]
data/samples/GT4-4.fasta	GT4_4_contig_2	141495	147458	fss1	1-5964/5964	===============	0/0	100.00	99.98	vfdb	NP_813892	vfdb~~~fss1~~~NP_813892 (fss1) Enterococcus faecalis surface protein Fss1 fibrinogen binding protein [Fibrinogen binding protein (AI271)] [Enterococcus faecalis V583]
data/samples/GT4-4.fasta	GT4_4_contig_3	7653	11543	asa1	1-3891/3891	===============	0/0	100.00	97.64	vfdb	NP_816972	vfdb~~~asa1~~~NP_816972 (asa1) aggregation substance Asa1 [AS (VF0352)] [Enterococcus faecalis V583]
data/samples/GT4-4.fasta	GT4_4_contig_3	43786	43986	cylR2	1-201/201	===============	0/0	100.00	98.51	vfdb	AAM75247	vfdb~~~cylR2~~~AAM75247 (cylR2) cytolysin regulator R2 [Cytolysin (VF0356)] [Enterococcus faecalis str. MMH594]
data/samples/GT4-4.fasta	GT4_4_contig_3	43987	44271	cylR1	1-285/285	===============	0/0	100.00	99.30	vfdb	AAM75248	vfdb~~~cylR1~~~AAM75248 (cylR1) cytolysin regulator R1 [Cytolysin (VF0356)] [Enterococcus faecalis str. MMH594]
data/samples/GT4-4.fasta	GT4_4_contig_3	44390	44596	cylL	1-207/207	===============	0/0	100.00	99.52	vfdb	AAM75249	vfdb~~~cylL~~~AAM75249 (cylL) CylL; cytolysin subunit [Cytolysin (VF0356)] [Enterococcus faecalis str. MMH594]
data/samples/GT4-4.fasta	GT4_4_contig_3	44630	44821	cylS	1-192/192	===============	0/0	100.00	98.96	vfdb	AAM75250	vfdb~~~cylS~~~AAM75250 (cylS) CylS; cytolysin subunit [Cytolysin (VF0356)] [Enterococcus faecalis str. MMH594]
data/samples/GT4-4.fasta	GT4_4_contig_3	44882	47863	cylM	1-2982/2982	===============	0/0	100.00	99.43	vfdb	AAM75251	vfdb~~~cylM~~~AAM75251 (cylM) CylM; cytolysin subunit modifier [Cytolysin (VF0356)] [Enterococcus faecalis str. MMH594]
data/samples/GT4-4.fasta	GT4_4_contig_3	47875	50019	cylB	1-2145/2145	===============	0/0	100.00	99.25	vfdb	AAM75252	vfdb~~~cylB~~~AAM75252 (cylB) ABC-type transporter [Cytolysin (VF0356)] [Enterococcus faecalis str. MMH594]
data/samples/GT4-4.fasta	GT4_4_contig_3	50016	51254	cylA	1-1239/1239	===============	0/0	100.00	98.95	vfdb	AAM75253	vfdb~~~cylA~~~AAM75253 (cylA) cytolysin activator [Cytolysin (VF0356)] [Enterococcus faecalis str. MMH594]
data/samples/GT4-4.fasta	GT4_4_contig_3	51255	52238	cylI	1-984/984	===============	0/0	100.00	97.05	vfdb	AAM75254	vfdb~~~cylI~~~AAM75254 (cylI) cytolysin immunity protein [Cytolysin (VF0356)] [Enterococcus faecalis str. MMH594]
data/samples/GT4-4.fasta	GT4_4_contig_4	270312	273688	fss2	1-3377/4956	===========....	0/0	68.14	98.37	vfdb	NP_816151	vfdb~~~fss2~~~NP_816151 (fss2) Enterococcus faecalis surface protein Fss2 fibrinogen binding protein [Fibrinogen binding protein (AI272)] [Enterococcus faecalis V583]
data/samples/GT4-4.fasta	GT4_4_contig_5	144364	145176	cpsK	1-813/813	===============	0/0	100.00	99.26	vfdb	NP_816131	vfdb~~~cpsK~~~NP_816131 (cpsK) ABC transporter permease protein [Capsule (VF0361)] [Enterococcus faecalis V583]
data/samples/GT4-4.fasta	GT4_4_contig_5	145176	146519	cpsJ	1-1344/1344	===============	0/0	100.00	100.00	vfdb	NP_816132	vfdb~~~cpsJ~~~NP_816132 (cpsJ) ABC transporter ATP-binding protein [Capsule (VF0361)] [Enterococcus faecalis V583]
data/samples/GT4-4.fasta	GT4_4_contig_5	146545	147684	cpsI	1-1140/1140	===============	0/0	100.00	100.00	vfdb	NP_816133	vfdb~~~cpsI~~~NP_816133 (cpsI) UDP-galactopyranose mutase [Capsule (VF0361)] [Enterococcus faecalis V583]
data/samples/GT4-4.fasta	GT4_4_contig_5	147743	148141	cpsH	1-399/399	===============	0/0	100.00	100.00	vfdb	NP_816134	vfdb~~~cpsH~~~NP_816134 (cpsH) lipoprotein [Capsule (VF0361)] [Enterococcus faecalis V583]
data/samples/GT4-4.fasta	GT4_4_contig_5	148159	150612	cpsG	1-2454/2454	===============	0/0	100.00	99.80	vfdb	NP_816135	vfdb~~~cpsG~~~NP_816135 (cpsG) MurB family protein [Capsule (VF0361)] [Enterococcus faecalis V583]
data/samples/GT4-4.fasta	GT4_4_contig_5	150639	151490	cpsF	1-852/852	===============	0/0	100.00	99.77	vfdb	NP_816136	vfdb~~~cpsF~~~NP_816136 (cpsF) CpsF protein [Capsule (VF0361)] [Enterococcus faecalis V583]
data/samples/GT4-4.fasta	GT4_4_contig_5	151514	154024	cpsE	1-2511/2511	===============	0/0	100.00	100.00	vfdb	NP_816137	vfdb~~~cpsE~~~NP_816137 (cpsE) glycosyl transferase group 2 family protein [Capsule (VF0361)] [Enterococcus faecalis V583]
data/samples/GT4-4.fasta	GT4_4_contig_5	154094	155560	cpsD	1-1467/1467	===============	0/0	100.00	100.00	vfdb	NP_816138	vfdb~~~cpsD~~~NP_816138 (cpsD) glycosyl transferase group 2 family protein [Capsule (VF0361)] [Enterococcus faecalis V583]
data/samples/GT4-4.fasta	GT4_4_contig_5	155579	156748	cpsC	1-1170/1170	===============	0/0	100.00	100.00	vfdb	NP_816139	vfdb~~~cpsC~~~NP_816139 (cpsC) teichoic acid biosynthesis protein putative [Capsule (VF0361)] [Enterococcus faecalis V583]
data/samples/GT4-4.fasta	GT4_4_contig_5	157201	158001	cpsB	1-801/801	===============	0/0	100.00	99.50	vfdb	NP_816140	vfdb~~~cpsB~~~NP_816140 (cpsB) phosphatidate cytidylyltransferase [Capsule (VF0361)] [Enterococcus faecalis V583]
data/samples/GT4-4.fasta	GT4_4_contig_5	157998	158813	cpsA	1-816/816	===============	0/0	100.00	99.51	vfdb	NP_816141	vfdb~~~cpsA~~~NP_816141 (cpsA) undecaprenyl diphosphate synthase [Capsule (VF0361)] [Enterococcus faecalis V583]
data/samples/GT4-4.fasta	GT4_4_contig_6	101231	102241	bopD	1-1011/1011	===============	0/0	100.00	98.91	vfdb	NP_814691	vfdb~~~bopD~~~NP_814691 (bopD) sugar-binding transcriptional regulator LacI family [BopD (VF0362)] [Enterococcus faecalis V583]
data/samples/GT4-4.fasta	GT4_4_contig_7	567390	568244	sprE	1-855/855	===============	0/0	100.00	99.88	vfdb	NP_815515	vfdb~~~sprE~~~NP_815515 (sprE) serine proteinase V8 family [SprE (VF0358)] [Enterococcus faecalis V583]
data/samples/GT4-4.fasta	GT4_4_contig_7	568293	569825	gelE	1-1533/1533	===============	0/0	100.00	100.00	vfdb	NP_815516	vfdb~~~gelE~~~NP_815516 (gelE) coccolysin [Gelatinase (VF0357)] [Enterococcus faecalis V583]
data/samples/GT4-4.fasta	GT4_4_contig_7	570060	571403	fsrC	1-1344/1344	===============	0/0	100.00	100.00	vfdb	NP_815517	vfdb~~~fsrC~~~NP_815517 (fsrC) histidine kinase putative [Fsr (VF0360)] [Enterococcus faecalis V583]
data/samples/GT4-4.fasta	GT4_4_contig_7	571400	572128	fsrB	1-729/729	===============	0/0	100.00	100.00	vfdb	NP_815518	vfdb~~~fsrB~~~NP_815518 (fsrB) agrBfs protein [Fsr (VF0360)] [Enterococcus faecalis V583]
data/samples/GT4-4.fasta	GT4_4_contig_7	572217	572948	fsrA	1-732/732	===============	0/0	100.00	100.00	vfdb	NP_815519	vfdb~~~fsrA~~~NP_815519 (fsrA) response regulator [Fsr (VF0360)] [Enterococcus faecalis V583]
data/samples/GT4-4.fasta	GT4_4_contig_7	755847	756773	efaA	1-927/927	===============	0/0	100.00	99.68	vfdb	NP_815739	vfdb~~~efaA~~~NP_815739 (efaA) endocarditis specific antigen [EfaA (VF0354)] [Enterococcus faecalis V583]
data/samples/GT4-4.fasta	GT4_4_contig_9	252737	256173	EF3023	1-3437/4119	=============..	0/0	83.44	99.77	vfdb	NP_816637	vfdb~~~EF3023~~~NP_816637 (EF3023) polysaccharide lyase family 8 [Hyaluronidase (VF0359)] [Enterococcus faecalis V583]
