#FILE	SEQUENCE	START	END	GENE	COVERAGE	COVERAGE_MAP	GAPS	%COVERAGE	%IDENTITY	DATABASE	ACCESSION	PRODUCT
data/samples/HW1-1.fasta	HW1_1_contig_10	101289	102299	bopD	1-1011/1011	===============	0/0	100.00	99.11	vfdb	NP_814691	vfdb~~~bopD~~~NP_814691 (bopD) sugar-binding transcriptional regulator LacI family [BopD (VF0362)] [Enterococcus faecalis V583]
data/samples/HW1-1.fasta	HW1_1_contig_13	90516	91442	efaA	1-927/927	===============	0/0	100.00	100.00	vfdb	NP_815739	vfdb~~~efaA~~~NP_815739 (efaA) endocarditis specific antigen [EfaA (VF0354)] [Enterococcus faecalis V583]
data/samples/HW1-1.fasta	HW1_1_contig_2	241489	244503	EF0818	1-3015/3015	===============	0/0	100.00	99.70	vfdb	NP_814561	vfdb~~~EF0818~~~NP_814561 (EF0818) polysaccharide lyase family 8 [Hyaluronidase (VF0359)] [Enterococcus faecalis V583]
data/samples/HW1-1.fasta	HW1_1_contig_3	82911	83765	srtC	1-855/855	===============	0/0	100.00	100.00	vfdb	NP_814824	vfdb~~~srtC~~~NP_814824 (srtC) sortase [Ebp pili (VF0538)] [Enterococcus faecalis V583]
data/samples/HW1-1.fasta	HW1_1_contig_3	83859	85742	ebpC	1-1878/1878	========/======	1/6	100.00	99.68	vfdb	NP_814823	vfdb~~~ebpC~~~NP_814823 (ebpC) endocarditis and biofilm-associated pilus major subunit EbpC [Ebp pili (VF0538)] [Enterococcus faecalis V583]
data/samples/HW1-1.fasta	HW1_1_contig_3	85739	87169	ebpB	1-1431/1431	===============	0/0	100.00	99.51	vfdb	NP_814822	vfdb~~~ebpB~~~NP_814822 (ebpB) endocarditis and biofilm-associated pilus minor subunit EbpB [Ebp pili (VF0538)] [Enterococcus faecalis V583]
data/samples/HW1-1.fasta	HW1_1_contig_3	87173	90484	ebpA	1-3312/3312	===============	0/0	100.00	99.25	vfdb	NP_814821	vfdb~~~ebpA~~~NP_814821 (ebpA) endocarditis and biofilm-associated pilus tip protein EbpA [Ebp pili (VF0538)] [Enterococcus faecalis V583]
data/samples/HW1-1.fasta	HW1_1_contig_5	6231	7085	sprE	1-855/855	===============	0/0	100.00	100.00	vfdb	NP_815515	vfdb~~~sprE~~~NP_815515 (sprE) serine proteinase V8 family [SprE (VF0358)] [Enterococcus faecalis V583]
data/samples/HW1-1.fasta	HW1_1_contig_5	7134	8666	gelE	1-1533/1533	===============	0/0	100.00	100.00	vfdb	NP_815516	vfdb~~~gelE~~~NP_815516 (gelE) coccolysin [Gelatinase (VF0357)] [Enterococcus faecalis V583]
data/samples/HW1-1.fasta	HW1_1_contig_5	8901	10244	fsrC	1-1344/1344	===============	0/0	100.00	100.00	vfdb	NP_815517	vfdb~~~fsrC~~~NP_815517 (fsrC) histidine kinase putative [Fsr (VF0360)] [Enterococcus faecalis V583]
data/samples/HW1-1.fasta	HW1_1_contig_5	10241	10969	fsrB	1-729/729	===============	0/0	100.00	100.00	vfdb	NP_815518	vfdb~~~fsrB~~~NP_815518 (fsrB) agrBfs protein [Fsr (VF0360)] [Enterococcus faecalis V583]
data/samples/HW1-1.fasta	HW1_1_contig_5	11058	11789	fsrA	1-732/732	===============	0/0	100.00	100.00	vfdb	NP_815519	vfdb~~~fsrA~~~NP_815519 (fsrA) response regulator [Fsr (VF0360)] [Enterococcus faecalis V583]
data/samples/HW1-1.fasta	HW1_1_contig_6	18997	19809	cpsK	1-813/813	===============	0/0	100.00	100.00	vfdb	NP_816131	vfdb~~~cpsK~~~NP_816131 (cpsK) ABC transporter permease protein [Capsule (VF0361)] [Enterococcus faecalis V583]
data/samples/HW1-1.fasta	HW1_1_contig_6	19809	21152	cpsJ	1-1344/1344	===============	0/0	100.00	100.00	vfdb	NP_816132	vfdb~~~cpsJ~~~NP_816132 (cpsJ) ABC transporter ATP-binding protein [Capsule (VF0361)] [Enterococcus faecalis V583]
data/samples/HW1-1.fasta	HW1_1_contig_6	21178	22317	cpsI	1-1140/1140	===============	0/0	100.00	100.00	vfdb	NP_816133	vfdb~~~cpsI~~~NP_816133 (cpsI) UDP-galactopyranose mutase [Capsule (VF0361)] [Enterococcus faecalis V583]
data/samples/HW1-1.fasta	HW1_1_contig_6	22376	22774	cpsH	1-399/399	===============	0/0	100.00	100.00	vfdb	NP_816134	vfdb~~~cpsH~~~NP_816134 (cpsH) lipoprotein [Capsule (VF0361)] [Enterococcus faecalis V583]
data/samples/HW1-1.fasta	HW1_1_contig_6	22792	25245	cpsG	1-2454/2454	===============	0/0	100.00	99.84	vfdb	NP_816135	vfdb~~~cpsG~~~NP_816135 (cpsG) MurB family protein [Capsule (VF0361)] [Enterococcus faecalis V583]
data/samples/HW1-1.fasta	HW1_1_contig_6	25272	26123	cpsF	1-852/852	===============	0/0	100.00	99.77	vfdb	NP_816136	vfdb~~~cpsF~~~NP_816136 (cpsF) CpsF protein [Capsule (VF0361)] [Enterococcus faecalis V583]
data/samples/HW1-1.fasta	HW1_1_contig_6	26147	28657	cpsE	1-2511/2511	===============	0/0	100.00	100.00	vfdb	NP_816137	vfdb~~~cpsE~~~NP_816137 (cpsE) glycosyl transferase group 2 family protein [Capsule (VF0361)] [Enterococcus faecalis V583]
data/samples/HW1-1.fasta	HW1_1_contig_6	28727	30193	cpsD	1-1467/1467	===============	0/0	100.00	100.00	vfdb	NP_816138	vfdb~~~cpsD~~~NP_816138 (cpsD) glycosyl transferase group 2 family protein [Capsule (VF0361)] [Enterococcus faecalis V583]
data/samples/HW1-1.fasta	HW1_1_contig_6	30212	31381	cpsC	1-1170/1170	===============	0/0	100.00	100.00	vfdb	NP_816139	vfdb~~~cpsC~~~NP_816139 (cpsC) teichoic acid biosynthesis protein putative [Capsule (VF0361)] [Enterococcus faecalis V583]
data/samples/HW1-1.fasta	HW1_1_contig_6	31834	32634	cpsB	1-801/801	===============	0/0	100.00	99.88	vfdb	NP_816140	vfdb~~~cpsB~~~NP_816140 (cpsB) phosphatidate cytidylyltransferase [Capsule (VF0361)] [Enterococcus faecalis V583]
data/samples/HW1-1.fasta	HW1_1_contig_6	32631	33446	cpsA	1-816/816	===============	0/0	100.00	100.00	vfdb	NP_816141	vfdb~~~cpsA~~~NP_816141 (cpsA) undecaprenyl diphosphate synthase [Capsule (VF0361)] [Enterococcus faecalis V583]
data/samples/HW1-1.fasta	HW1_1_contig_6	41662	45969	fss2	1-4305/4956	========/=====.	3/5	86.84	95.52	vfdb	NP_816151	vfdb~~~fss2~~~NP_816151 (fss2) Enterococcus faecalis surface protein Fss2 fibrinogen binding protein [Fibrinogen binding protein (AI272)] [Enterococcus faecalis V583]
data/samples/HW1-1.fasta	HW1_1_contig_7	243932	247131	EF3023	1-3200/4119	============...	0/0	77.69	99.97	vfdb	NP_816637	vfdb~~~EF3023~~~NP_816637 (EF3023) polysaccharide lyase family 8 [Hyaluronidase (VF0359)] [Enterococcus faecalis V583]
data/samples/HW1-1.fasta	HW1_1_contig_9	15817	21780	fss1	1-5964/5964	===============	0/0	100.00	99.98	vfdb	NP_813892	vfdb~~~fss1~~~NP_813892 (fss1) Enterococcus faecalis surface protein Fss1 fibrinogen binding protein [Fibrinogen binding protein (AI271)] [Enterococcus faecalis V583]
